OrderID,ReturnDate,ReturnedQuantity,Reason
O000018,2025-06-19,50,Wrong Item
O000042,2024-04-07,14,Quality Defect
O000062,2023-05-16,23,Temperature Excursion
O000074,2023-05-19,33,Damaged
O000124,2025-01-27,20,Damaged
O000127,2024-06-30,61,Temperature Excursion
O000147,2024-01-04,80,Temperature Excursion
O000158,2024-06-24,100,Damaged
O000166,2024-01-24,46,Wrong Item
O000232,2024-01-09,21,Temperature Excursion
O000249,2023-11-02,157,Quality Defect
O000260,2024-02-18,23,Quality Defect
O000297,2024-06-18,33,Damaged
O000299,2025-09-13,276,Damaged
O000347,2024-05-26,40,Damaged
O000364,2024-02-24,32,Wrong Item
O000450,2024-01-14,139,Damaged
O000460,2025-02-09,38,Quality Defect
O000517,2023-05-22,23,Damaged
O000573,2026-01-14,9,Wrong Item
O000586,2024-12-16,31,Wrong Item
O000591,2025-04-24,106,Temperature Excursion
O000651,2024-07-28,150,Damaged
O000666,2023-02-17,183,Quality Defect
O000714,2025-08-21,41,Wrong Item
O000749,2025-05-08,9,Quality Defect
O000763,2024-04-14,51,Quality Defect
O000775,2024-02-05,48,Temperature Excursion
O000835,2023-05-03,41,Quality Defect
O000847,2023-02-27,21,Damaged
O000879,2024-05-09,253,Wrong Item
O000905,2025-01-18,92,Wrong Item
O000925,2024-04-22,151,Damaged
O000975,2024-02-16,51,Temperature Excursion
O000983,2025-07-23,94,Damaged
O000997,2023-03-08,42,Quality Defect
O001012,2024-11-18,58,Quality Defect
O001065,2026-01-16,101,Damaged
O001076,2024-07-20,78,Temperature Excursion
O001110,2024-09-09,33,Quality Defect
O001140,2024-11-29,86,Quality Defect
O001177,2023-09-01,40,Wrong Item
O001192,2025-06-08,58,Quality Defect
O001234,2025-08-14,48,Temperature Excursion
O001342,2024-02-22,4,Damaged
O001360,2025-08-31,84,Temperature Excursion
O001390,2025-12-06,50,Temperature Excursion
O001464,2024-05-16,39,Damaged
O001528,2023-06-29,124,Damaged
O001567,2024-07-20,25,Temperature Excursion
O001602,2023-06-04,130,Damaged
O001678,2024-07-06,109,Wrong Item
O001733,2024-02-22,41,Temperature Excursion
O001882,2024-08-07,68,Damaged
O001885,2025-09-21,149,Temperature Excursion
O001925,2023-11-06,107,Temperature Excursion
O001935,2023-08-29,33,Quality Defect
O001944,2025-04-15,164,Quality Defect
O001948,2024-05-31,188,Damaged
O001953,2025-10-04,15,Damaged
O001992,2026-01-31,11,Quality Defect
O002123,2025-08-01,23,Damaged
O002232,2025-09-13,101,Damaged
O002271,2025-07-06,50,Temperature Excursion
O002279,2023-10-14,161,Temperature Excursion
O002299,2023-06-20,10,Damaged
O002422,2023-11-20,12,Temperature Excursion
O002433,2025-08-13,29,Quality Defect
O002514,2024-11-19,82,Damaged
O002535,2025-07-26,254,Wrong Item
O002555,2024-03-26,31,Temperature Excursion
O002615,2023-03-20,29,Damaged
O002731,2023-11-08,20,Wrong Item
O002880,2023-10-21,6,Wrong Item
O002886,2024-10-24,23,Quality Defect
O002979,2025-08-03,22,Temperature Excursion
O003025,2024-07-27,12,Temperature Excursion
O003063,2024-05-11,87,Damaged
O003081,2023-04-22,59,Wrong Item
O003095,2024-10-11,136,Quality Defect
O003123,2023-07-25,9,Temperature Excursion
O003126,2025-01-10,18,Quality Defect
O003215,2025-08-18,6,Wrong Item
O003260,2024-07-21,7,Damaged
O003282,2025-01-24,78,Quality Defect
O003297,2024-07-12,46,Wrong Item
O003333,2024-08-06,28,Quality Defect
O003348,2023-01-10,38,Wrong Item
O003353,2024-09-25,20,Quality Defect
O003435,2023-12-05,68,Temperature Excursion
O003451,2023-10-15,138,Damaged
O003453,2024-04-17,211,Damaged
O003461,2023-11-14,30,Temperature Excursion
O003465,2023-06-11,129,Damaged
O003510,2025-05-17,53,Damaged
O003517,2023-08-28,131,Wrong Item
O003549,2024-04-19,150,Temperature Excursion
O003562,2024-09-29,4,Damaged
O003572,2024-10-12,38,Wrong Item
O003579,2025-10-04,15,Damaged
O003623,2023-12-20,44,Temperature Excursion
O003671,2025-08-16,12,Damaged
O003676,2023-04-16,37,Damaged
O003716,2026-02-10,61,Wrong Item
O003741,2023-03-30,16,Quality Defect
O003810,2024-03-21,24,Quality Defect
O003907,2026-01-04,67,Temperature Excursion
O003915,2024-11-17,168,Wrong Item
O003925,2023-06-08,100,Quality Defect
O003927,2024-10-01,96,Wrong Item
O003930,2024-08-17,88,Damaged
O004001,2023-09-03,11,Temperature Excursion
O004005,2025-11-20,20,Temperature Excursion
O004019,2023-08-14,49,Quality Defect
O004056,2024-06-22,274,Temperature Excursion
O004084,2023-12-07,299,Quality Defect
O004110,2023-09-26,105,Temperature Excursion
O004137,2025-09-03,59,Wrong Item
O004243,2023-07-04,52,Wrong Item
O004299,2024-01-18,81,Quality Defect
O004371,2024-08-22,91,Damaged
O004438,2025-07-26,34,Temperature Excursion
O004476,2025-08-13,5,Temperature Excursion
O004489,2025-07-01,89,Damaged
O004500,2023-12-10,10,Quality Defect
O004613,2025-05-18,47,Quality Defect
O004636,2025-02-09,51,Damaged
O004692,2024-09-13,14,Wrong Item
O004707,2025-09-10,8,Temperature Excursion
O004721,2024-08-02,70,Wrong Item
O004739,2023-09-05,12,Damaged
O004787,2024-08-03,178,Temperature Excursion
O004807,2025-04-19,154,Temperature Excursion
O004858,2025-06-21,150,Quality Defect
O004863,2026-01-02,14,Damaged
O004888,2025-09-09,54,Damaged
O004941,2023-07-24,18,Wrong Item
O004962,2024-08-31,173,Quality Defect
O004988,2025-09-26,12,Damaged
O005069,2024-07-12,141,Damaged
O005095,2023-05-15,247,Wrong Item
O005103,2025-02-11,68,Quality Defect
O005133,2024-01-13,70,Temperature Excursion
O005153,2026-01-01,43,Temperature Excursion
O005163,2025-11-27,63,Quality Defect
O005174,2025-04-06,16,Temperature Excursion
O005195,2023-11-17,180,Damaged
O005200,2024-03-03,23,Wrong Item
O005263,2023-04-01,56,Wrong Item
O005279,2024-07-31,21,Wrong Item
O005287,2024-08-01,93,Temperature Excursion
O005300,2026-01-20,69,Quality Defect
O005320,2023-12-16,39,Quality Defect
O005363,2023-05-11,31,Quality Defect
O005415,2024-11-17,228,Quality Defect
O005423,2023-10-03,269,Quality Defect
O005485,2023-05-17,96,Temperature Excursion
O005488,2024-10-27,43,Temperature Excursion
O005529,2025-09-29,40,Damaged
O005531,2023-09-22,91,Temperature Excursion
O005543,2025-11-27,63,Wrong Item
O005619,2024-11-25,64,Damaged
O005706,2024-07-23,259,Damaged
O005793,2023-12-24,54,Quality Defect
O005842,2025-01-09,35,Temperature Excursion
O005909,2025-10-23,38,Quality Defect
O005993,2025-11-10,50,Wrong Item
O006080,2026-01-09,74,Quality Defect
O006125,2024-11-27,159,Damaged
O006126,2025-06-06,25,Wrong Item
O006175,2025-01-01,63,Wrong Item
O006200,2023-12-24,143,Damaged
O006263,2024-09-14,4,Temperature Excursion
O006279,2025-02-27,48,Damaged
O006307,2023-04-02,10,Wrong Item
O006421,2023-12-17,98,Wrong Item
O006463,2023-12-11,44,Damaged
O006479,2025-07-27,3,Temperature Excursion
O006504,2024-08-25,59,Wrong Item
O006518,2025-09-21,28,Temperature Excursion
O006639,2025-02-07,79,Wrong Item
O006707,2025-06-15,33,Quality Defect
O006721,2025-02-07,23,Quality Defect
O006732,2025-01-20,165,Quality Defect
O006947,2025-02-13,119,Temperature Excursion
O007009,2025-09-17,39,Damaged
O007037,2025-09-22,19,Quality Defect
O007041,2025-06-24,65,Wrong Item
O007049,2025-02-03,204,Damaged
O007079,2025-07-29,28,Wrong Item
O007149,2025-07-06,41,Quality Defect
O007152,2024-11-29,74,Wrong Item
O007156,2024-10-02,28,Quality Defect
O007188,2025-06-22,6,Temperature Excursion
O007198,2024-11-15,43,Damaged
O007201,2026-02-07,24,Wrong Item
O007318,2024-09-02,4,Quality Defect
O007328,2023-06-09,63,Wrong Item
O007341,2023-07-17,40,Quality Defect
O007394,2025-09-06,133,Temperature Excursion
O007442,2024-08-03,94,Wrong Item
O007446,2023-09-18,58,Damaged
O007449,2025-02-03,19,Damaged
O007499,2024-05-25,146,Temperature Excursion
O007509,2025-04-19,24,Quality Defect
O007564,2024-09-05,34,Wrong Item
O007586,2024-03-25,43,Quality Defect
O007651,2023-03-10,173,Wrong Item
O007667,2024-03-06,21,Damaged
O007815,2026-01-17,18,Quality Defect
O007828,2023-08-25,22,Damaged
O007944,2023-12-26,255,Wrong Item
O008093,2024-09-10,87,Wrong Item
O008103,2025-06-14,70,Damaged
O008158,2023-12-21,30,Wrong Item
O008349,2023-02-25,111,Wrong Item
O008367,2025-12-17,52,Quality Defect
O008420,2023-07-14,16,Damaged
O008490,2025-03-08,59,Wrong Item
O008537,2023-09-09,42,Temperature Excursion
O008573,2024-06-01,21,Temperature Excursion
O008599,2025-11-25,26,Damaged
O008661,2025-10-07,69,Wrong Item
O008693,2025-01-08,40,Temperature Excursion
O008751,2023-03-09,29,Wrong Item
O008768,2025-09-24,19,Temperature Excursion
O008783,2024-03-02,46,Quality Defect
O008822,2024-11-16,79,Wrong Item
O008864,2024-12-25,82,Wrong Item
O008872,2024-07-08,19,Temperature Excursion
O008993,2025-04-09,30,Temperature Excursion
O009006,2025-12-20,12,Wrong Item
O009042,2023-06-12,65,Temperature Excursion
O009112,2025-09-18,154,Damaged
O009114,2024-03-15,115,Temperature Excursion
O009166,2025-02-07,181,Temperature Excursion
O009176,2025-08-10,61,Damaged
O009208,2023-04-14,80,Temperature Excursion
O009227,2024-04-25,11,Quality Defect
O009313,2024-06-28,47,Quality Defect
O009323,2024-04-30,76,Damaged
O009352,2023-04-25,200,Wrong Item
O009400,2025-09-08,143,Quality Defect
O009402,2023-07-06,127,Temperature Excursion
O009444,2024-05-03,70,Temperature Excursion
O009472,2023-09-29,68,Quality Defect
O009486,2023-11-16,188,Damaged
O009563,2023-11-03,44,Wrong Item
O009620,2023-08-15,14,Wrong Item
O009643,2024-08-19,16,Damaged
O009645,2025-11-07,197,Temperature Excursion
O009780,2025-12-17,36,Temperature Excursion
O009850,2025-03-02,109,Temperature Excursion
O009868,2025-01-24,21,Quality Defect
O009945,2025-01-08,102,Temperature Excursion
O009988,2024-01-19,76,Temperature Excursion
O009992,2023-06-09,14,Damaged
